PARENT/Child,Question,Correct Answer,Tag
PARENT,ielts17AT1001,,
Child,1,ANCIENT GREEK or Ancient Greek or ancient Greek or GREEK or Greek,listen.forcom
Child,2,BENGALI or Bengali,listen.forcom
Child,3,2 or TWO or Two or two,listen.forcom
Child,4,6994 or six thousand nine hundred ninety-four,listen.forcom
Child,5,DATABASES or Databases or databases,listen.forcom
Child,6,4 or four,listen.forcom
Child,7,£60 or 60GBP or GBP60 or 60 pounds or sixty pounds,listen.forcom
Child,8,JUNE or June,listen.forcom
Child,9,16 or SIXTEEN or Sixteen or sixteen,listen.forcom
Child,10,6P.M. or 6PM or 6p.m. or 6pm or 6 P.M. or 6 p.m. or 6 pm or 6 PM or 6:00P.M. or 6:00PM or 6:00p.m. or 6:00pm or 6:00 P.M. or 6:00 PM or 6:00 p.m. or 6:00 pm,listen.forcom
PARENT,ielts17AT1002,,
Child,1,UNIVERSITY or University or university,listen.forcom
Child,2,3 or THREE or Three or three,listen.forcom
Child,3,OFFICE or Office or office,listen.forcom
Child,4,MEETINGS or Meetings or meetings,listen.forcom
Child,5,REQUIRED BOOKS or Required books or Required Books or required books,listen.forcom
Child,6,ID PASSES or ID Passes or ID passes or id passes,listen.forcom
Child,7,PHYSICS or Physics or physics,listen.pmdlab
Child,8,SHOP or Shop or shop,listen.pmdlab
Child,9,BIOLOGY or Biology or biology,listen.pmdlab
Child,10,MEMORIAL FOUNTAIN or Memorial Fountain or Memorial fountain or memorial fountain or FOUNTAIN or Fountain or fountain,listen.pmdlab
PARENT,ielts17AT1003,,
Child,1,C or c,listen.mcq
Child,2,A or a,listen.mcq
Child,3,A or a,listen.mcq
Child,4,C or c,listen.mcq
Child,5,A or a,listen.mcq
Child,6,B or b,listen.mcq
Child,7,A or a,listen.mcq
Child,8,B or b,listen.mcq
Child,9,C or c,listen.mcq
Child,10,C or c,listen.mcq
PARENT,ielts17AT1004,,
Child,1,C or c,listen.mcq
Child,2,B or b,listen.mcq
Child,3,B or b or E or e or G or g,listen.mtc
Child,4,B or b or E or e or G or g,listen.mtc
Child,5,B or b or E or e or G or g,listen.mtc
Child,6,BIRD or Bird or bird,listen.forcom
Child,7,PARK or Park or park,listen.forcom
Child,8,MOSAIC or Mosaic or mosaic,listen.forcom
Child,9,1976,listen.forcom
Child,10,CIVIL WAR or Civil War or Civil war or civil war,listen.forcom
PARENT,ielts17AT1005,,
Child,1,NOT GIVEN or Not Given or not given,read.tfng
Child,2,NOT GIVEN or Not Given or not given,read.tfng
Child,3,TRUE or True or true or T or t,read.tfng
Child,4,FALSE or False or false or F or f,read.tfng
Child,5,FALSE or False or false or F or f,read.tfng
Child,6,TRUE or True or true or T or t,read.tfng
Child,7,NOT GIVEN or Not Given or not given,read.tfng
Child,8,FALSE or False or false or F or f,read.tfng
Child,9,G or g,read.mtcsentend
Child,10,A or a,read.mtcsentend
Child,11,C or c,read.mtcsentend
Child,12,K or k,read.mtcsentend
Child,13,D or d,read.mtcsentend
Child,14,C or c,read.mcq
PARENT,ielts17AT1006,,
Child,1,B or b,read.mtcinfo
Child,2,I or i,read.mtcinfo
Child,3,H or h,read.mtcinfo
Child,4,J or j,read.mtcinfo
Child,5,G or g,read.mtcinfo
Child,6,MULTIPLE SCLEROSIS or Multiple Sclerosis or Multiple sclerosis or multiple sclerosis or MS or M.S.,read.sumcom
Child,7,RELAPSE FORM or Relapse Form or Relapse form or relapse form,read.sumcom
Child,8,10-15% or 10-15% percent or 10-15% per cent or ten-fifteen percent or ten-fifteen per cent or ten to fifteen percent or ten to fifteen per cent,read.sumcom
Child,9,WHERE PEOPLE LIVE or Where People Live or Where people live or where people live,read.sumcom
Child,10,CAUCASIAN or Caucasian,read.sumcom
Child,11,COLDER or Colder or colder,read.sumcom
Child,12,TWIN or Twin or twin,read.sumcom
Child,13,SPINAL CORD or Spinal Cord or Spinal cord or spinal cord,read.sumcom
PARENT,ielts17AT1007,,
Child,1,A or a,read.mcq
Child,2,A or a,read.mcq
Child,3,D or d,read.mcq
Child,4,A or a,read.mcq
Child,5,D or d,read.mcq
Child,6,B or b,read.mcq
Child,7,FALSE or False or false or F or f,read.tfng
Child,8,NOT GIVEN or Not Given or not given,read.tfng
Child,9,FALSE or False or false or F or f,read.tfng
Child,10,FALSE or False or false or F or f,read.tfng
Child,11,TRUE or True or true or T or t,read.tfng
Child,12,NOT GIVEN or Not Given or not given,read.tfng
Child,13,TRUE or True or true or T or t,read.tfng
PARENT,ielts17AT2001,,
Child,1,GONZALEZ or Gonzalez,listen.forcom
Child,2,SHU300715PG or Shu300715pg or shu300715pg,listen.forcom
Child,3,LANGUAGES or Languages or languages,listen.forcom
Child,4,STATION or Station or station,listen.forcom
Child,5,£99 or GBP99 or 99GBP or 99 pounds or ninety-nine pounds,listen.forcom
Child,6,WEST or West or west,listen.forcom
Child,7,2 or TWO or Two or two,listen.forcom
Child,8,C or c or D or d or E or e,listen.mtc
Child,9,C or c or D or d or E or e,listen.mtc
Child,10,C or c or D or d or E or e,listen.mtc
PARENT,ielts17AT2002,,
Child,1,10 or TEN or Ten or ten,listen.forcom
Child,2,STRAIGHTFORWARD WALKING or Straightforward Walking or Straightforward walking or straightforward walking or WALKING or Walking or walking,listen.forcom
Child,3,ROCK CLIMBING or Rock Climbing or Rock climbing or rock climbing,listen.forcom
Child,4,GAVE UP or Gave Up or Gave up or gave up,listen.forcom
Child,5,2 or TWO or Two or two,listen.forcom
Child,6,SCHOOL or School or school,listen.forcom
Child,7,8 or EIGHT or Eight or eight,listen.forcom
Child,8,2 or TWO or Two or two,listen.forcom
Child,9,EXCLUSIVE or Exclusive or exclusive,listen.forcom
Child,10,LARGE or Large or large,listen.forcom
PARENT,ielts17AT2003,,
Child,1,C or c,listen.mcq
Child,2,B or b,listen.mcq
Child,3,B or b,listen.mcq
Child,4,A or a,listen.mcq
Child,5,C or c,listen.mcq
Child,6,A or a,listen.mcq
Child,7,B or b,listen.mcq
Child,8,C or c,listen.mcq
Child,9,C or c,listen.mcq
Child,10,A or a,listen.mcq
PARENT,ielts17AT2004,,
Child,1,B or b,listen.mcq
Child,2,A or a,listen.mcq
Child,3,B or b,listen.mcq
Child,4,C or c,listen.mcq
Child,5,MIDDLE or Middle or middle,listen.forcom
Child,6,GAP or Gap or gap,listen.forcom
Child,7,"£3,500 or £3500 or GBP3,500 or GBP3500 or 3,500GBP or 3500GBP or THREE THOUSAND FIVE HUNDRED POUNDS or Three Thousand Five Hundred Pounds or Three thousand five hundred pounds or three thousand five hundred pounds",listen.forcom
Child,8,WORTHWHILE or Worthwhile or worthwhile,listen.forcom
Child,9,FEE or Fee or fee,listen.forcom
Child,10,COMMISSION or Commission or commission,listen.forcom
PARENT,ielts17AT2005,,
Child,1,B or b,read.mcq
Child,2,A or a,read.mcq
Child,3,D or d,read.mcq
Child,4,WEALTH or Wealth or wealth or MONEY or Money or money,read.sentcom
Child,5,RELATIVE or Relative or relative,read.sentcom
Child,6,OTHER PEOPLE or Other People or other people,read.sentcom
Child,7,NO or No or no or N or n,read.ynng
Child,8,NOT GIVEN or Not Given or Not given or not given,read.ynng
Child,9,YES or Yes or yes or Y or y,read.ynng
Child,10,G or g,read.mtcinfo
Child,11,D or d,read.mtcinfo
Child,12,H or h,read.mtcinfo
Child,13,C or c,read.mtcinfo
PARENT,ielts17AT2006,,
Child,1,B or b or C or c or F or f or G or g or I or i,read.mtcinfo
Child,2,B or b or C or c or F or f or G or g or I or i,read.mtcinfo
Child,3,B or b or C or c or F or f or G or g or I or i,read.mtcinfo
Child,4,B or b or C or c or F or f or G or g or I or i,read.mtcinfo
Child,5,B or b or C or c or F or f or G or g or I or i,read.mtcinfo
Child,6,FALSE or False or false or F or f,read.tfng
Child,7,FALSE or False or false or F or f,read.tfng
Child,8,NOT GIVEN or Not Given or Not given or not given,read.tfng
Child,9,FALSE or False or false or F or f,read.tfng
Child,10,FALSE or False or false or F or f,read.tfng
Child,11,TRUE or True or true or T or t,read.tfng
Child,12,NOT GIVEN or Not Given or Not given or not given,read.tfng
Child,13,TRUE or True or true or T or t,read.tfng
PARENT,ielts17AT2007,,
Child,1,VII or vii,read.mtchead
Child,2,I or i,read.mtchead
Child,3,X or x,read.mtchead
Child,4,II or ii,read.mtchead
Child,5,VIII or viii,read.mtchead
Child,6,V or v,read.mtchead
Child,7,SECURE or Secure or secure or SAFE or Safe or safe,read.sumcom
Child,8,CODE MAKERS or Code Makers or Code makers or code makers,read.sumcom
Child,9,PUBLIC or Public or public or PRIVATE or Private or private or PUBLIC KEY or Public Key or Public key or public key or PRIVATE KEY or Private Key or Private key or private key,read.sumcom
Child,10,PUBLIC or Public or public or PRIVATE or Private or private or PUBLIC KEY or Public Key or Public key or public key or PRIVATE KEY or Private Key or Private key or private key,read.sumcom
Child,11,NOT GIVEN or Not Given or Not given or not given,read.ynng
Child,12,YES or Yes or yes or Y or y,read.ynng
Child,13,NO or No or no or N or n,read.ynng
Child,14,NOT GIVEN or Not Given or Not given or not given,read.ynng
PARENT,ielts17AT3001,,
Child,1,JOHN SPARROW or John Sparrow,listen.forcom
Child,2,24th January or 24 January or January 24 or 24th Jan or 24 Jan or Jan 24,listen.forcom
Child,3,"ATHENS, GREECE or ATHENS GREECE or Athens, Greece or Athens Greece",listen.forcom
Child,4,9.45,listen.forcom
Child,5,HYPNOS or Hypnos or hypnos,listen.forcom
Child,6,95 EUROS or 95 Euros or 95 EURO or 95 Euro or €95 or 95€,listen.forcom
Child,7,LIGHT MEAL or Light Meal or Light meal or light meal,listen.sentcom
Child,8,ASIAN VEGETARIAN or Asian Vegetarian or Asian vegetarian,listen.sentcom
Child,9,DAIRY PRODUCTS or Dairy Products or Dairy products or dairy products,listen.sentcom
Child,10,24 hours or 24 HOURS or 24 hrs or 24 HRS or 24 hr or 24 HR or TWENTY-FOUR HOURS or Twenty-Four Hours or Twenty-four Hours or Twenty-four hours or twenty-four hours,listen.sentcom
PARENT,ielts17AT3002,,
Child,1,A or a or C or c or D or d or E or e,listen.mtc
Child,2,A or a or C or c or D or d or E or e,listen.mtc
Child,3,A or a or C or c or D or d or E or e,listen.mtc
Child,4,A or a or C or c or D or d or E or e,listen.mtc
Child,5,C or c,listen.mcq
Child,6,B or b,listen.mcq
Child,7,C or c,listen.mcq
Child,8,DIFFERENT NAME or Different Name or Different name or different name,listen.sentcom
Child,9,SOCIAL MEDIA or Social Media or Social media or social media,listen.sentcom
Child,10,READY FOR EDITING or Ready For Editing or Ready for editing or ready for editing,listen.sentcom
PARENT,ielts17AT3003,,
Child,1,A or a,listen.mcq
Child,2,B or b,listen.mcq
Child,3,C or c,listen.mcq
Child,4,A or a,listen.mcq
Child,5,B or b,listen.mcq
Child,6,ALMOST EQUAL or Almost Equal or Almost equal or almost equal,listen.sentcom
Child,7,17.97,listen.sentcom
Child,8,5 or FIVE or Five or five,listen.sentcom
Child,9,MILD DEPRESSION or Mild Depression or Mild depression or mild depression,listen.sentcom
Child,10,DROP-OUT RATE or Drop-Out Rate or Drop-out Rate or Drop-out rate or drop-out rate,listen.sentcom
PARENT,ielts17AT3004,,
Child,1,"2.1 BILLION or 2.1 Billion or 2.1 billion or 2,100,000,000 or 2100000000 or TWO POINT ONE BILLION or Two Point One Billion or Two point one billion or two point one billion",listen.shans
Child,2,GERMAN or German,listen.shans
Child,3,NON-NATIVE SPEAKERS or Non-Native Speakers or Non-native Speakers or Non-native speakers or non-native speakers,listen.shans
Child,4,ENGLISHES or Englishes,listen.shans
Child,5,TROUSERS or Trousers or trousers,listen.shans
Child,6,LATIN or Latin,listen.shans
Child,7,ROMANCE LANGUAGES or Romance Languages or Romance languages or ROMANCE or Romance,listen.shans
Child,8,B or b,listen.mcq
Child,9,A or a,listen.mcq
Child,10,C or c,listen.mcq
PARENT,ielts17AT3005,,
Child,1,D or d,read.mtcinfo
Child,2,F or f,read.mtcinfo
Child,3,G or g,read.mtcinfo
Child,4,A or a,read.mtcinfo
Child,5,C or c,read.mtcinfo
Child,6,B or b,read.mtcinfo
Child,7,E or e,read.mtcinfo
Child,8,FALSE or False or false or F or f,read.tfng
Child,9,NOT GIVEN or Not Given or Not given or not given,read.tfng
Child,10,NOT GIVEN or Not Given or Not given or not given,read.tfng
Child,11,TRUE or True or true or T or t,read.tfng
Child,12,MEMORY or Memory or memory,read.sumcom
Child,13,FUNCTION or Function or function,read.sumcom
Child,14,TEACH or Teach or teach,read.sumcom
PARENT,ielts17AT3006,,
Child,1,HENLEY BEACH or Henley Beach,read.sumcom
Child,2,CAUSE OF DEATH or Cause Of Death or Cause of Death or Cause of death or cause of death,read.sumcom
Child,3,SECRET CODE or Secret Code or Secret code or secret code or CODE or Code or code,read.sumcom
Child,4,PHONE NUMBER or Phone Number or Phone number or phone number or NUMBER or Number or number,read.sumcom
Child,5,MOSELEY STREET or Moseley Street,read.sumcom
Child,6,GUARDED AND NON-COMMITTAL or Guarded And Non-Committal or Guarded And Non-committal or Guarded and Non-Committal or Guarded and Non-committal or Guarded and non-committal or guarded and non-committal,read.sumcom
Child,7,F or f,read.mtcsentend
Child,8,D or d,read.mtcsentend
Child,9,C or c,read.mtcsentend
Child,10,A or a,read.mtcsentend
Child,11,D or d,listen.mcq
Child,12,B or b,listen.mcq
Child,13,C or c,listen.mcq
Child,14,D or d,listen.mcq
PARENT,ielts17AT3007,,
Child,1,IX or ix,read.mtchead
Child,2,III or iii,read.mtchead
Child,3,I or i,read.mtchead
Child,4,VII or vii,read.mtchead
Child,5,VI or vi,read.mtchead
Child,6,V or v,read.mtchead
Child,7,POLEIS or Poleis or poleis,read.shans
Child,8,A TURTLE or A Turtle or A turtle or a turtle or TURTLE or Turtle or turtle,read.shans
Child,9,6 OBOLS or 6 Obols or 6 obols or SIX OBOLS or Six Obols or Six obols or six obols,read.shans
Child,10,BRONZE BARS or Bronze Bars or Bronze bars or bronze bars,read.shans
Child,11,B or b,listen.mcq
Child,12,C or c,listen.mcq
PARENT,ielts17AT4001,,
Child,1,FENTON or Fenton,listen.forcom
Child,2,19th May or 19 May or May 19 or May 19th,listen.forcom
Child,3,YES or Yes or yes or Y or y,listen.forcom
Child,4,MIXED BREED or Mixed Breed or Mixed breed or mixed breed,listen.forcom
Child,5,PISCHINGER or Pischinger,listen.forcom
Child,6,020 3634 7957 or 02036347957,listen.forcom
Child,7,12 or TWELVE or Twelve or twelve,listen.forcom
Child,8,8 or EIGHT or Eight or eight,listen.forcom
Child,9,MEDICAL HISTORY or Medical History or Medical history or medical history,listen.forcom
Child,10,VETERINARY or Veterinary or veterinary,listen.forcom
PARENT,ielts17AT4002,,
Child,1,BEAUTY AND SERENITY or Beauty And Serenity or Beauty and Serenity or Beauty and serenity or beauty and serenity,listen.sentcom
Child,2,MAIN GATE or Main Gate or Main gate or main gate,listen.sentcom
Child,3,TEN WEEKS or Ten Weeks or Ten weeks or ten weeks or 10 weeks,listen.sentcom
Child,4,FILM NIGHT or Film Night or Film night or film night,listen.sentcom
Child,5,MAIN HALL or Main Hall or Main hall or main hall,listen.pmdlab
Child,6,GARDEN OFFICE or Garden Office or Garden office or garden office,listen.pmdlab
Child,7,PETER or Peter,listen.pmdlab
Child,8,PAVILION or Pavilion or pavilion,listen.pmdlab
Child,9,CANTEEN or Canteen or canteen,listen.pmdlab
Child,10,STUDY CENTRE or Study Centre or Study centre or study centre or STUDY CENTER or Study Center or Study center or study center,listen.pmdlab
PARENT,ielts17AT4003,,
Child,1,CHAIN SUPERMARKET or Chain Supermarket or Chain supermarket or chain supermarket,listen.forcom
Child,2,CLOTHES SHOP or Clothes Shop or Clothes shop or clothes shop,listen.forcom
Child,3,VERY BUSY SCHEDULE or Very Busy Schedule or Very busy schedule or very busy schedule or BUSY SCHEDULE or Busy Schedule or Busy schedule or busy schedule,listen.forcom
Child,4,RIGOROUS RECRUITMENT or Rigorous Recruitment or Rigorous recruitment or rigorous recruitment or RIGOROUS or Rigorous or rigorous,listen.forcom
Child,5,SIX MONTHS or Six Months or six months or 6 MONTHS or 6 Months or 6 months,listen.forcom
Child,6,ON THE JOB or On The Job or On the job or on the job,listen.forcom
Child,7,ITALY OR FRANCE or Italy Or France or Italy or France,listen.forcom
Child,8,5 YEARS or 5 Years or 5 years or FIVE YEARS or Five Years or Five years or five years or 5 or FIVE or Five or five,listen.forcom
Child,9,EXTERNAL TRAINING or External Training or External training or external training,listen.forcom
Child,10,TOO SHORT or Too Short or Too short or too short,listen.forcom
PARENT,ielts17AT4004,,
Child,1,ROMANTIC NOTIONS or Romantic Notions or Romantic notions or romantic notions,listen.sentcom
Child,2,80 JOURNALISTS or 80 Journalists or 80 journalists or EIGHTY JOURNALISTS or Eighty Journalists or Eighty journalists or eighty journalists,listen.sentcom
Child,3,READ A LOT or Read A Lot or Read a Lot or Read a lot,listen.sentcom
Child,4,A or a or C or c or D or d or G or g,listen.mtc
Child,5,A or a or C or c or D or d or G or g,listen.mtc
Child,6,A or a or C or c or D or d or G or g,listen.mtc
Child,7,A or a or C or c or D or d or G or g,listen.mtc
Child,8,C or c,listen.mcq
Child,9,A or a,listen.mcq
Child,10,B or b,listen.mcq
PARENT,ielts17AT4005,,
Child,1,VI or vi,read.mtchead
Child,2,IV or iv,read.mtchead
Child,3,VII or vii,read.mtchead
Child,4,II or ii,read.mtchead
Child,5,IX or ix,read.mtchead
Child,6,I or i,read.mtchead
Child,7,V or v,read.mtchead
Child,8,BRAVE NEW WORLD or Brave New World,read.shans
Child,9,LOIS LOWRY or Lois Lowry,read.shans
Child,10,HONEST or Honest or honest,read.shans
Child,11,ENVIRONMENTAL CATASTROPHE or Environmental Catastrophe or Environmental catastrophe or environmental catastrophe,read.shans
Child,12,PERSONAL IDENTITY or Personal Identity or Personal identity or personal identity,read.shans
Child,13,D or d,read.mcq
PARENT,ielts17AT4006,,
Child,1,HUMANS AND ANIMALS or Humans And Animals or Humans and Animals or Humans and Animals or Humans and animals or humans and animals,read.sentcom
Child,2,NATURAL LIGHT or Natural Light or Natural light or natural light,read.sentcom
Child,3,ALLELOPATHY or Allelopathy or allelopathy,read.sentcom
Child,4,ENERGY or Energy or energy,read.sentcom
Child,5,ORGANIC COMPOUND or Organic Compound or Organic compound or organic compound,read.sentcom
Child,6,INHIBIT GROWTH or Inhibit Growth or Inhibit growth or inhibit growth,read.sentcom
Child,7,MOLECULAR MECHANISM or Molecular Mechanism or Molecular mechanism or molecular mechanism,read.sentcom
Child,8,SMALL DOSES or Small Doses or Small doses or small doses,read.sumcom
Child,9,ALL HERBIVORES or All Herbivores or All herbivores or all herbivores,read.sumcom
Child,10,IMMEDIATELY LETHAL or Immediately Lethal or Immediately lethal or immediately lethal,read.sumcom
Child,11,HOLLOWED-OUT STRUCTURES or Hollowed-Out Structures or Hollowed-out Structures or Hollowed-out structures or hollowed-out structures,read.sumcom
Child,12,GIRAFFES or Giraffes or giraffes,read.sumcom
Child,13,TRUE or True or true or T or t,read.tfng
Child,14,NOT GIVEN or Not Given or Not given or not given,read.tfng
PARENT,ielts17AT4007,,
Child,1,C or c,read.mtcinfo
Child,2,D or d,read.mtcinfo
Child,3,A or a,read.mtcinfo
Child,4,G or g,read.mtcinfo
Child,5,E or e,read.mtcinfo
Child,6,B or b,read.mtcinfo
Child,7,F or f,read.mtcinfo
Child,8,C or c,read.mcq
Child,9,A or a,read.mcq
Child,10,C or c,read.mcq
Child,11,NATURAL LANGUAGE or Natural Language or Natural language or natural language,read.shans
Child,12,EUGENICISTS or Eugenicists or eugenicists,read.shans
Child,13,OFFICIAL RECOGNITION or Official Recognition or Official recognition or official recognition,read.shans
PARENT,ielts17AT5001,,listen.forcom
Child,1,CARLETON or Carleton,listen.forcom
Child,2,020 8322 1479 or 02083221479,listen.forcom
Child,3,30th May or 30th MAY or 30 May or 30 MAY or May 30 or MAY 30 or May 30th or MAY 30th,listen.forcom
Child,4,30 or THIRTY or Thirty or thirty,listen.forcom
Child,5,MINI BURGERS or Mini Burgers or Mini burgers or mini burgers,listen.forcom
Child,6,VEGETABLE CROQUETTES or Vegetable Croquettes or Vegetable croquettes or vegetable croquettes,listen.forcom
Child,7,FIVE HUMMUS or Five Hummus or Five hummus or five hummus or FIVE HOUMOUS or Five Houmous or Five houmous or five houmous or 5 HUMMUS or 5 Hummus or 5 hummus or 5 HOUMOUS or 5 Houmous or 5 houmous,listen.forcom
Child,8,GOAT'S CHEESE or Goat's Cheese or Goat's cheese or goat's cheese or GOAT CHEESE or Goat Cheese or Goat cheese or goat cheese,listen.forcom
Child,9,4 or FOUR or Four or four,listen.forcom
Child,10,303 or THREE HUNDRED THREE or Three Hundred Three or Three hundred three or three hundred three,listen.forcom
PARENT,ielts17AT5002,,
Child,1,2006,listen.sentcom
Child,2,500 or FIVE HUNDRED or Five Hundred or Five hundred or five hundred,listen.sentcom
Child,3,SIBLINGS or Siblings or siblings,listen.sentcom
Child,4,BE KIND or Be Kind or Be kind or be kind,listen.sentcom
Child,5,WRITER'S BLOCK or Writer's Block or Writer's block or writer's block,listen.sentcom
Child,6,C or c,read.mcq
Child,7,C or c,read.mcq
Child,8,B or b,read.mcq
Child,9,INHERENTLY GOOD or Inherently Good or Inherently good or inherently good,listen.sentcom
Child,10,POVERTY or Poverty or poverty,listen.sentcom
PARENT,ielts17AT5003,,
Child,1,C or c,listen.mtc
Child,2,H or h,listen.mtc
Child,3,A or a,listen.mtc
Child,4,F or f,listen.mtc
Child,5,B or b,listen.mcq
Child,6,A or a,listen.mcq
Child,7,B or b,listen.mcq
Child,8,A or a,listen.mcq
Child,9,C or c,listen.mcq
Child,10,D or d,listen.mcq
PARENT,ielts17AT5004,,
Child,1,A or a or D or d or F or f,listen.mtc
Child,2,A or a or D or d or F or f,listen.mtc
Child,3,A or a or D or d or F or f,listen.mtc
Child,4,HIDE UNDER STONES or Hide Under Stones or Hide under stones or hide under stones,listen.sentcom
Child,5,SPONGY CONNECTIVE TISSUE or Spongy Connective Tissue or Spongy connective tissue or spongy connective tissue,listen.sentcom
Child,6,REPRODUCE ALONE or Reproduce Alone or Reproduce alone or reproduce alone,listen.sentcom
Child,7,WATER or Water or water,listen.sentcom
Child,8,MOUTH or Mouth or mouth,listen.sentcom
Child,9,B or b,listen.mcq
Child,10,A or a,listen.mcq
PARENT,ielts17AT5005,,
Child,1,FALSE or False or false or F or f,read.tfng
Child,2,TRUE or True or true or T or t,read.tfng
Child,3,TRUE or True or true or T or t,read.tfng
Child,4,FALSE or False or false or F or f,read.tfng
Child,5,NOT GIVEN or Not Given or Not given or not given,read.tfng
Child,6,NOT GIVEN or Not Given or Not given or not given,read.tfng
Child,7,C or c,read.mcq
Child,8,B or b,read.mcq
Child,9,D or d,read.mcq
Child,10,A or a,read.mcq
Child,11,BUSKING or Busking or busking,read.sentcom
Child,12,MELTING POT or Melting Pot or Melting pot or melting pot,read.sentcom
Child,13,SHORTCOMINGS or Shortcomings or shortcomings,read.sentcom
PARENT,ielts17AT5006,,
Child,1,D or d,read.mtcinfo
Child,2,G or g,read.mtcinfo
Child,3,B or b,read.mtcinfo
Child,4,F or f,read.mtcinfo
Child,5,E or e,read.mtcinfo
Child,6,A or a,read.mtcinfo
Child,7,C or c,read.mtcinfo
Child,8,E or e,read.mtcsentend
Child,9,A or a,read.mtcsentend
Child,10,H or h,read.mtcsentend
Child,11,B or b,read.mtcsentend
Child,12,G or g,read.mtcsentend
Child,13,A or a or D or d or F or F,read.mtcinfo
Child,14,A or a or D or d or F or F,read.mtcinfo
Child,15,A or a or D or d or F or F,read.mtcinfo
PARENT,ielts17AT5007,,
Child,1,THRILLING or Thrilling or thrilling,read.sumcom
Child,2,RISING PRICES or Rising Prices or Rising prices or rising prices,read.sumcom
Child,3,RAISING LIVESTOCK or Raising Livestock or Raising livestock or raising livestock,read.sumcom
Child,4,GENETIC ENGINEERING or Genetic Engineering or Genetic engineering or genetic engineering,read.sumcom
Child,5,HUMAN GENOME or Human Genome or Human genome or human genome,read.sumcom
Child,6,NUTRITIONALLY EXCELLENT or Nutritionally Excellent or Nutritionally excellent or nutritionally excellent,read.sumcom
Child,7,ASIA AND AFRICA or Asia And Africa or Asia and Africa,read.sumcom
Child,8,PRESENTATION or Presentation or presentation,read.sumcom
Child,9,GROW or Grow or grow,read.sumcom
Child,10,CARBON FOOTPRINT or Carbon Footprint or Carbon footprint or carbon footprint,read.sumcom
Child,11,STEM CELLS or Stem Cells or Stem cells or stem cells,read.sumcom
Child,12,ANIMAL SUFFERING or Animal Suffering or Animal suffering or animal suffering,read.sumcom
PARENT,ielts17AT6001,,
Child,1,B or b,listen.mcq
Child,2,B or b,listen.mcq
Child,3,A or a,listen.mcq
Child,4,C or c,listen.mcq
Child,5,C or c,listen.mcq
Child,6,G34C245,listen.forcom
Child,7,CAR or Car or car,listen.forcom
Child,8,POLICE or Police or police,listen.forcom
Child,9,JACKET or Jacket or jacket,listen.forcom
Child,10,REGISTRATION DETAILS or Registration Details or Registration details or registration details,listen.forcom
PARENT,ielts17AT6002,,
Child,1,STAFFROOM or Staffroom or staffroom or STAFF ROOM or Staff Room or Staff room or staff room,listen.sentcom
Child,2,MUSEUM or Museum or museum,listen.sentcom
Child,3,VISITORS or Visitors or visitors,listen.sentcom
Child,4,STAFFROOM or Staffroom or staffroom or STAFF ROOM or Staff Room or Staff room or staff room,listen.pmdlab
Child,5,STEPS or Steps or steps,listen.pmdlab
Child,6,STAFF TOILETS or Staff Toilets or Staff toilets or staff toilets,listen.pmdlab
Child,7,MUSEUM or Museum or museum,listen.pmdlab
Child,8,PHOTO BOOTH or Photo Booth or Photo booth or photo booth,listen.pmdlab
Child,9,B or b or E or e,listen.mtc
Child,10,B or b or E or e,listen.mtc
PARENT,ielts17AT6003,,
Child,1,A or a or C or c or D or d or F or f,listen.mtc
Child,2,A or a or C or c or D or d or F or f,listen.mtc
Child,3,A or a or C or c or D or d or F or f,listen.mtc
Child,4,A or a or C or c or D or d or F or f,listen.mtc
Child,5,A or a,listen.mcq
Child,6,C or c,listen.mcq
Child,7,CORRECT or Correct or correct,listen.sentcom
Child,8,AGING or Aging or aging or AGEING or Ageing or ageing,listen.sentcom
Child,9,FARMERS or Farmers or farmers,listen.sentcom
Child,10,MIND or Mind or mind,listen.sentcom
PARENT,ielts17AT6004,,
Child,1,ENGLISH or English,listen.forcom
Child,2,CITY or City or city,listen.forcom
Child,3,STYLE or Style or style,listen.forcom
Child,4,1175,listen.forcom
Child,5,COMPLETED or Completed or completed,listen.forcom
Child,6,GROUP or Group or group,listen.forcom
Child,7,GOTHIC or Gothic,listen.forcom
Child,8,126 METRES or 126 Metres or 126 metres or 126 METERS or 126 Meters or 126 meters,listen.forcom
Child,9,SCULPTURES or Sculptures or sculptures,listen.forcom
Child,10,PAINTED or Painted or painted,listen.forcom
PARENT,ielts17AT6005,,
Child,1,TRUE or True or true or T or t,read.tfng
Child,2,TRUE or True or true or T or t,read.tfng
Child,3,FALSE or False or false or F or f,read.tfng
Child,4,NOT GIVEN or Not Given or Not given or not given,read.tfng
Child,5,TRUE or True or true or T or t,read.tfng
Child,6,FALSE or False or false or F or f,read.tfng
Child,7,TRUE or True or true or T or t,read.tfng
Child,8,D or d,read.mcq
Child,9,B or b,read.mcq
Child,10,B or b,read.mcq
Child,11,C or c,read.mcq
Child,12,A or a,read.mcq
Child,13,D or d,read.mcq
PARENT,ielts17AT6006,,
Child,1,X or x,read.mtchead
Child,2,I or i,read.mtchead
Child,3,III or iii,read.mtchead
Child,4,V or v,read.mtchead
Child,5,II or ii,read.mtchead
Child,6,XI or xi,read.mtchead
Child,7,VIII or viii,read.mtchead
Child,8,"5 MILLION or 5 Million or 5 million or FIVE MILLION or Five Million or Five million or five million or 5,000,000 or 5000000",read.sumcom
Child,9,STORE or Store or store,read.sumcom
Child,10,LANDSLIDES or Landslides or landslides,read.sumcom
Child,11,EMISSIONS or Emissions or emissions,read.sumcom
Child,12,MANAGEMENT or Management or management,read.sumcom
Child,13,REVERSE or Reverse or reverse,read.sumcom
PARENT,ielts17AT6007,,
Child,1,NOT GIVEN or Not Given or Not given or not given,read.ynng
Child,2,NO or No or no or N or n,read.ynng
Child,3,NO or No or no or N or n,read.ynng
Child,4,YES or Yes or yes or Y or y,read.ynng
Child,5,YES or Yes or yes or Y or y,read.ynng
Child,6,NOT GIVEN or Not Given or Not given or not given,read.ynng
Child,7,REACTION or Reaction or reaction,read.sumcom
Child,8,NEOREALISM or Neorealism or neorealism,read.sumcom
Child,9,IMMIGRATED or Immigrated or immigrated,read.sumcom
Child,10,AUTHENTICITY or Authenticity or authenticity,read.sumcom
Child,11,CHARACTERS or Characters or characters,read.sumcom
Child,12,E or e,read.mtcsentend
Child,13,A or a,read.mtcsentend
Child,14,B or b,read.mtcsentend
PARENT,ielts17GT1001,,
Child,1,132,read.shans
Child,2,212,read.shans
Child,3,101,read.shans
Child,4,221,read.shans
Child,5,134,read.shans
Child,6,122,read.shans
Child,7,DRINK WATER or Drink Water or Drink water or drink water,read.shans
Child,8,D or d,read.mtcinfo
Child,9,C or c,read.mtcinfo
Child,10,E or e,read.mtcinfo
Child,11,A or a,read.mtcinfo
Child,12,B or b,read.mtcinfo
Child,13,F or f,read.mtcinfo
Child,14,G or g,read.mtcinfo
PARENT,ielts17GT1002,,
Child,1,STUDENT CENTRE or Student Centre or Student centre or student centre or STUDENT CENTER or Student Center or Student center or student center,read.shans
Child,2,67 or SIXTY-SEVEN or sixty-seven or SIXTY SEVEN or sixty seven,read.shans
Child,3,SATURDAY or Saturday,read.shans
Child,4,INTERNATIONAL STUDENT OFFICE or International Student Office,read.shans
Child,5,TOWN HOSPITAL or Town Hospital or Town hospital or town hospital or CASUALTY or Casualty or casualty,read.shans
Child,6,LIBRARY or Library or library,read.shans
Child,7,STUDENT CENTRE or Student Centre or Student centre or student centre or STUDENT CENTER or Student Center or Student center or student center,read.shans
Child,8,OR EQUIVALENT or Or Equivalent or Or equivalent or or equivalent,read.sumcom
Child,9,SUBJECTS or Subjects or subjects,read.sumcom
Child,10,ELIGIBLE or Eligible or eligible,read.sumcom
Child,11,A MINIMUM OF or A Minimum Of or A minimum of or a minimum of,read.sumcom
Child,12,BEFORE or Before or before,read.sumcom
Child,13,FURTHER INFORMATION or Further Information or Further information or further information,read.sumcom
PARENT,ielts17GT1003,,
Child,1,B or b,read.mtcinfo
Child,2,D or d,read.mtcinfo
Child,3,A ,read.mtcinfo
Child,4,E or e,read.mtcinfo
Child,5,C or c,read.mtcinfo
Child,6,TRUE or True or true or T or t,read.tfng
Child,7,NOT GIVEN or Not Given or Not given or not given,read.tfng
Child,8,FALSE or False or false or F or f,read.tfng
Child,9,FALSE or False or false or F or f,read.tfng
Child,10,SUPERMARKETS or Supermarkets or supermarkets,read.sentcom
Child,11,KOREA or Korea,read.sentcom
Child,12,6 or SIX or Six or six,read.mtchead
Child,13,1 or ONE or One or one,read.mtchead
PARENT,ielts17GT2001,,
Child,1,B or b,read.mtcinfo
Child,2,D or d,read.mtcinfo
Child,3,C or c,read.mtcinfo
Child,4,A or a,read.mtcinfo
Child,5,AT RECEPTION or At Reception or At reception or at reception or RECEPTION or Reception or reception,read.shans
Child,6,SCOTTISH BEEF or Scottish Beef or Scottish beef or SCOTTISH or Scottish,read.shans
Child,7,BUFFET BREAKFAST or Buffet Breakfast or Buffet breakfast or buffet breakfast or BREAKFAST or Breakfast or breakfast,read.shans
Child,8,D or d,read.mtcfeat
Child,9,C or c,read.mtcfeat
Child,10,B or b,read.mtcfeat
Child,11,C or c,read.mtcfeat
Child,12,A or a,read.mtcfeat
Child,13,D or d,read.mtcfeat
Child,14,A or a,read.mtcfeat
PARENT,ielts17GT2002,,
Child,1,BAKERY or Bakery or bakery,read.sentcom
Child,2,SPECIALIST ADVISORS or Specialist Advisors or Specialist advisors or specialist advisors,read.sentcom
Child,3,INCONSISTENT or Inconsistent or inconsistent,read.sentcom
Child,4,PHASE or Phase or phase,read.sentcom
Child,5,A REPORT or A Report or A report or a report or REPORT or Report or report,read.sentcom
Child,6,CHANGES or Changes or changes or ENGINEERING WORK or Engineering Work or Engineering work or engineering work,read.sentcom
Child,7,EMPLOYEE AND COMPANY or Employee And Company or Employee and Company or Employee and company or EMPLOYEE COMPANY or Employee Company or Employee company or employee company,read.shans
Child,8,A PROPOSAL or A Proposal or A proposal or a proposal or PROPOSAL or Proposal or proposal,read.shans
Child,9,THE HR DEPARTMENT or The HR Department or The HR department or the HR department or HR DEPARTMENT or HR Department or HR department or HR,read.shans
Child,10,THE SUPERVISOR or The Supervisor or The supervisor or the supervisor or SUPERVISOR or Supervisor or supervisor,read.shans
Child,11,THE HR DEPARTMENT or The HR Department or The HR department or the HR department or HR DEPARTMENT or HR Department or HR department or HR,read.shans
Child,12,IMPROVED or Improved or improved,read.shans
Child,13,COMMUNICATION AND AVAILABILITY or Communication And Availability or Communication and Availability or Communication and availability or communication and availability or COMMUNICATION AVAILABILITY or Communication Availability or Communication availability or communication availability,read.shans
PARENT,ielts17GT2003,,
Child,1,IX or ix,read.mtchead
Child,2,XI or xi,read.mtchead
Child,3,II or ii,read.mtchead
Child,4,VII or vii,read.mtchead
Child,5,I or i,read.mtchead
Child,6,III or iii,read.mtchead
Child,7,TRUE or True or true or T or t,read.tfng
Child,8,FALSE or False or false or F or f,read.tfng
Child,9,FALSE or False or false or F or f,read.tfng
Child,10,NOT GIVEN or Not Given or Not given or not given,read.tfng
Child,11,TRUE or True or true or T or t,read.tfng
Child,12,TRUE or True or true or T or t,read.tfng
Child,13,FALSE or False or false or F or f,read.tfng